	Run_0_CV_0	Run_0_CV_1	Run_0_CV_2	Run_0_CV_3	Run_0_CV_4
AUC	0.8623188405797101	0.9257246376811595	0.8712121212121212	0.9697542533081285	0.8223062381852553
MCC	0.7023605033598074	0.719679698832341	0.6263858756120565	0.7833494518006402	0.6236095644623236
Precision	0.8515667311411992	0.8682610782274836	0.8210865327570132	0.8920454545454545	0.8194444444444444
Recall	0.851063829787234	0.851063829787234	0.8043478260869565	0.8913043478260869	0.8043478260869565
F1	0.8509287402904424	0.8497055427811895	0.8029549534677369	0.8912529550827424	0.8020086083213773
