	Run_0_CV_0	Run_0_CV_1	Run_0_CV_2	Run_0_CV_3	Run_0_CV_4
AUC	0.8949275362318841	0.8768115942028986	0.8128544423440454	0.9659735349716446	0.8977272727272727
MCC	0.6483414913457242	0.4891304347826087	0.5222329678670935	0.7505683356701914	0.6515151515151515
Precision	0.8394659991656237	0.7446808510638298	0.7613636363636364	0.8810916179337233	0.8260869565217391
Recall	0.8085106382978723	0.7446808510638298	0.7608695652173914	0.8695652173913043	0.8260869565217391
F1	0.8048095093556314	0.7446808510638298	0.7607565011820331	0.8685714285714287	0.8260869565217391
