	Run_0_CV_0	Run_0_CV_1	Run_0_CV_2	Run_0_CV_3	Run_0_CV_4
AUC	0.8478260869565217	0.9347826086956521	0.9111531190926276	0.8790170132325141	0.8910984848484849
MCC	0.36231884057971014	0.5421109737369988	0.5739640213948523	0.5739640213948523	0.580023075124402
Precision	0.6814677767499229	0.777573978967963	0.7914230019493177	0.7914230019493177	0.801086956521739
Recall	0.6808510638297872	0.7659574468085106	0.782608695652174	0.782608695652174	0.782608695652174
F1	0.6808510638297872	0.7627263024938561	0.780952380952381	0.780952380952381	0.7775235189422831
