	Run_0_CV_0	Run_0_CV_1	Run_0_CV_2	Run_0_CV_3	Run_0_CV_4
AUC	0.7971014492753622	0.8695652173913043	0.7178030303030304	0.6843100189035917	0.8563327032136105
MCC	0.5462184380881356	0.6170609073445336	0.17853823645343278	0.4216370213557839	0.472455591261534
Precision	0.7795552711566149	0.8088974854932303	0.590807453416149	0.7555555555555556	0.7566964285714285
Recall	0.7659574468085106	0.8085106382978723	0.5869565217391305	0.6739130434782609	0.717391304347826
F1	0.7638229957990124	0.8083369518019975	0.5863706444650016	0.6456086286594761	0.706142506142506
