	Run_0_CV_0	Run_0_CV_1	Run_0_CV_2	Run_0_CV_3	Run_0_CV_4
AUC	0.9130434782608696	0.838768115942029	0.8827977315689981	0.9035916824196597	0.8541666666666666
MCC	0.6134718725656234	0.48998910079068775	0.5854905538443586	0.7016464154456235	0.5164589025080292
Precision	0.826012354152368	0.7460057672823629	0.8032454361054766	0.8538461538461538	0.7753623188405797
Recall	0.7872340425531915	0.7446808510638298	0.782608695652174	0.8478260869565217	0.7391304347826086
F1	0.7817178881008668	0.7439845261121857	0.7788461538461537	0.8471760797342194	0.7331103678929765
