	Run_0_CV_0	Run_0_CV_1	Run_0_CV_2	Run_0_CV_3	Run_0_CV_4
AUC	0.9275362318840581	0.8913043478260869	0.7859848484848484	0.9300567107750473	0.829867674858223
MCC	0.7028985507246377	0.6229601207078632	0.43519413988924455	0.829227982896771	0.5262348115842176
Precision	0.8518347209374036	0.8141220481646013	0.718336483931947	0.9161904761904762	0.7653846153846154
Recall	0.851063829787234	0.8085106382978723	0.717391304347826	0.9130434782608695	0.7608695652173914
F1	0.851063829787234	0.8079895788102475	0.717524925480522	0.9128787878787877	0.7598481252966302
