	Run_0_CV_0	Run_0_CV_1	Run_0_CV_2	Run_0_CV_3	Run_0_CV_4
AUC	0.875	0.894927536231884	0.8998109640831757	0.9206049149338374	0.8428030303030303
MCC	0.5742753623188406	0.6703701479523835	0.5673665146135801	0.6092717958449424	0.6784780700822183
Precision	0.7872340425531915	0.8401891252955084	0.7847619047619049	0.8049242424242425	0.8514492753623187
Recall	0.7872340425531915	0.8297872340425532	0.782608695652174	0.8043478260869565	0.8260869565217391
F1	0.7872340425531915	0.8288588007736943	0.7821969696969697	0.8042553191489362	0.8240993788819877
