	Run_0_CV_0	Run_0_CV_1	Run_0_CV_2	Run_0_CV_3	Run_0_CV_4
AUC	0.9384057971014492	0.9021739130434783	0.8882575757575758	0.7466918714555766	0.9603024574669188
MCC	0.6680103871213011	0.6296684162306034	0.6332785063987777	0.39279220242478624	0.8017837257372732
Precision	0.8390657494800832	0.8223689573652889	0.8505434782608695	0.6971428571428572	0.9107142857142856
Recall	0.8297872340425532	0.8085106382978723	0.782608695652174	0.6956521739130435	0.8913043478260869
F1	0.8282285090795729	0.8058669747677004	0.7741334011356894	0.6950757575757577	0.8900047824007653
