	Run_0_CV_0	Run_0_CV_1	Run_0_CV_2	Run_0_CV_3	Run_0_CV_4
AUC	0.9510869565217391	0.9275362318840581	0.9147727272727273	0.7693761814744802	0.9508506616257089
MCC	0.8064103292044436	0.717225858724208	0.6009252125773316	0.34815531191139565	0.7302967433402215
Precision	0.9126139817629179	0.8671639357626152	0.8405797101449275	0.6742424242424242	0.8833333333333333
Recall	0.8936170212765957	0.851063829787234	0.7608695652173914	0.6739130434782609	0.8478260869565217
F1	0.8926468162722784	0.8490076470415447	0.7492361927144536	0.6737588652482269	0.8442186744073538
