	Run_0_CV_0	Run_0_CV_1	Run_0_CV_2	Run_0_CV_3	Run_0_CV_4
AUC	0.8713768115942029	0.9402173913043479	0.9147727272727273	0.892249527410208	0.9168241965973535
MCC	0.4876223059756641	0.7876600993750812	0.6263858756120565	0.6546536707079771	0.5739640213948523
Precision	0.7636968085106383	0.8942359767891683	0.8210865327570132	0.8285714285714285	0.7914230019493177
Recall	0.723404255319149	0.8936170212765957	0.8043478260869565	0.8260869565217391	0.782608695652174
F1	0.7141199226305609	0.8935205287788874	0.8029549534677369	0.8257575757575758	0.780952380952381
