	Run_0_CV_0	Run_0_CV_1	Run_0_CV_2	Run_0_CV_3	Run_0_CV_4
AUC	0.9130434782608695	0.8949275362318841	0.9734848484848485	0.8827977315689981	0.829867674858223
MCC	0.6329490684602384	0.7028985507246377	0.7147716126616105	0.5739640213948523	0.49507377148833714
Precision	0.8239081746920492	0.8518347209374036	0.8662598525298754	0.7914230019493177	0.7818627450980393
Recall	0.8085106382978723	0.851063829787234	0.8478260869565217	0.782608695652174	0.717391304347826
F1	0.8067642692901009	0.851063829787234	0.8467427415860176	0.780952380952381	0.700250626566416
