	Run_0_CV_0	Run_0_CV_1	Run_0_CV_2	Run_0_CV_3	Run_0_CV_4
AUC	0.8532608695652173	0.8713768115942029	0.831439393939394	0.9243856332703213	0.9054820415879017
MCC	0.5317613113292599	0.5462184380881356	0.5763526706213834	0.6546536707079771	0.5101127853361851
Precision	0.7662282398452612	0.7795552711566149	0.7929765886287624	0.8285714285714285	0.7720430107526882
Recall	0.7659574468085106	0.7659574468085106	0.782608695652174	0.8260869565217391	0.7391304347826086
F1	0.7657451633135524	0.7638229957990124	0.7817852437417655	0.8257575757575758	0.7309941520467835
