	Run_0_CV_0	Run_0_CV_1	Run_0_CV_2	Run_0_CV_3	Run_0_CV_4
AUC	0.9420289855072463	0.7518115942028986	0.9034090909090908	0.896030245746692	0.7618147448015122
MCC	0.5961357786798612	0.27717391304347827	0.6092717958449424	0.5345224838248488	0.4053396141999405
Precision	0.8082660797260944	0.6388760407030527	0.8052930056710774	0.773809523809524	0.7099391480730223
Recall	0.7872340425531915	0.6382978723404256	0.8043478260869565	0.7608695652173914	0.6956521739130435
F1	0.7843114332476033	0.6382978723404256	0.804440333024977	0.7580105212816836	0.6903846153846154
