	Run_0_CV_0	Run_0_CV_1	Run_0_CV_2	Run_0_CV_3	Run_0_CV_4
AUC	0.8514492753623188	0.8967391304347826	0.8787878787878788	0.9130434782608696	0.886578449905482
MCC	0.5348308284210272	0.6703701479523835	0.642885192476092	0.7016464154456235	0.5262348115842176
Precision	0.7697399527186761	0.8401891252955084	0.8373754299320927	0.8538461538461538	0.7653846153846154
Recall	0.7659574468085106	0.8297872340425532	0.8043478260869565	0.8478260869565217	0.7608695652173914
F1	0.7646767762028116	0.8288588007736943	0.8010729212151457	0.8471760797342194	0.7598481252966302
