	Run_0_CV_0	Run_0_CV_1	Run_0_CV_2	Run_0_CV_3	Run_0_CV_4
AUC	0.8369565217391305	0.9257246376811594	0.8390151515151515	0.9508506616257089	0.9300567107750473
MCC	0.45948780771603304	0.7028985507246377	0.6553030303030303	0.741940826802374	0.741940826802374
Precision	0.7352023676211806	0.8518347209374036	0.8292160737812911	0.8723809523809524	0.8723809523809524
Recall	0.723404255319149	0.851063829787234	0.8260869565217391	0.8695652173913043	0.8695652173913043
F1	0.7208817223079238	0.851063829787234	0.8260869565217391	0.8693181818181818	0.8693181818181818
