	Run_0_CV_0	Run_0_CV_1	Run_0_CV_2	Run_0_CV_3	Run_0_CV_4
AUC	0.8568840579710145	0.9003623188405798	0.8355387523629489	0.8166351606805293	0.8579545454545454
MCC	0.4918338408540253	0.5085783361862566	0.5854905538443586	0.6092717958449424	0.3337119062359573
Precision	0.7469245647969053	0.7630227439471753	0.8032454361054766	0.8049242424242425	0.6782608695652174
Recall	0.7446808510638298	0.7446808510638298	0.782608695652174	0.8043478260869565	0.6521739130434783
F1	0.7444495837187789	0.7411737198971241	0.7788461538461537	0.8042553191489362	0.6441471571906354
