	Run_0_CV_0	Run_0_CV_1	Run_0_CV_2	Run_0_CV_3	Run_0_CV_4
AUC	0.9202898550724637	0.7807971014492753	0.9338374291115311	0.8695652173913043	0.8939393939393939
MCC	0.6594202898550725	0.3626592603676828	0.6546536707079771	0.6521739130434783	0.6092717958449424
Precision	0.8297872340425532	0.6829787234042553	0.8285714285714285	0.8260869565217391	0.8052930056710774
Recall	0.8297872340425532	0.6808510638297872	0.8260869565217391	0.8260869565217391	0.8043478260869565
F1	0.8297872340425532	0.6791046948220159	0.8257575757575758	0.8260869565217391	0.804440333024977
