	Run_0_CV_0	Run_0_CV_1	Run_0_CV_2	Run_0_CV_3	Run_0_CV_4
AUC	0.9112318840579711	0.875	0.9356060606060606	0.896030245746692	0.8846880907372401
MCC	0.6703701479523835	0.5411322149660599	0.6963106238227913	0.7126966450997985	0.6139406135149205
Precision	0.8401891252955084	0.8232860520094563	0.8487712665406427	0.865079365079365	0.8096153846153846
Recall	0.8297872340425532	0.723404255319149	0.8478260869565217	0.8478260869565217	0.8043478260869565
F1	0.8288588007736943	0.702508886713719	0.8478980367972042	0.8460066953610712	0.8035121025154248
