	Run_0_CV_0	Run_0_CV_1	Run_0_CV_2	Run_0_CV_3	Run_0_CV_4
AUC	0.8985507246376812	0.9855072463768115	0.9073724007561437	0.7863894139886579	0.9071969696969697
MCC	0.6483414913457242	0.8064103292044436	0.7391304347826086	0.5345224838248488	0.6963106238227913
Precision	0.8394659991656237	0.9126139817629179	0.8695652173913043	0.773809523809524	0.8487712665406427
Recall	0.8085106382978723	0.8936170212765957	0.8695652173913043	0.7608695652173914	0.8478260869565217
F1	0.8048095093556314	0.8926468162722784	0.8695652173913043	0.7580105212816836	0.8478980367972042
