	Run_0_CV_0	Run_0_CV_1	Run_0_CV_2	Run_0_CV_3	Run_0_CV_4
AUC	0.8894927536231885	0.8804347826086957	0.9376181474480152	0.8279773156899811	0.8825757575757576
MCC	0.5085783361862566	0.6170609073445336	0.6236095644623236	0.5262348115842176	0.5386979502483108
Precision	0.7630227439471753	0.8088974854932303	0.8194444444444444	0.7653846153846154	0.7983307453416149
Recall	0.7446808510638298	0.8085106382978723	0.8043478260869565	0.7608695652173914	0.7391304347826086
F1	0.7411737198971241	0.8083369518019975	0.8020086083213773	0.7598481252966302	0.7289600813628274
