	Run_0_CV_0	Run_0_CV_1	Run_0_CV_2	Run_0_CV_3	Run_0_CV_4
AUC	0.871376811594203	0.8568840579710145	0.9206049149338374	0.8601134215500945	0.875
MCC	0.7023605033598074	0.4918338408540253	0.6622661785325218	0.5222329678670935	0.5893066665856982
Precision	0.8515667311411992	0.7469245647969053	0.8362573099415205	0.7613636363636364	0.8053830227743272
Recall	0.851063829787234	0.7446808510638298	0.8260869565217391	0.7608695652173914	0.782608695652174
F1	0.8509287402904424	0.7444495837187789	0.8247619047619048	0.7607565011820331	0.7801242236024845
