	Run_0_CV_0	Run_0_CV_1	Run_0_CV_2	Run_0_CV_3	Run_0_CV_4
AUC	0.822463768115942	0.980072463768116	0.9111531190926276	0.7901701323251418	0.8806818181818181
MCC	0.5462184380881356	0.8064103292044436	0.7391304347826086	0.5477225575051662	0.5643939393939394
Precision	0.7795552711566149	0.9126139817629179	0.8695652173913043	0.7874999999999999	0.782608695652174
Recall	0.7659574468085106	0.8936170212765957	0.8695652173913043	0.7608695652173914	0.782608695652174
F1	0.7638229957990124	0.8926468162722784	0.8695652173913043	0.7552007740686987	0.782608695652174
