	Run_0_CV_0	Run_0_CV_1	Run_0_CV_2	Run_0_CV_3	Run_0_CV_4
AUC	0.9057971014492754	0.9057971014492754	0.9185606060606061	0.882797731568998	0.8468809073724007
MCC	0.6680103871213011	0.6624330328845729	0.6078324006440651	0.7016464154456235	0.6956083436402525
Precision	0.8390657494800832	0.832495164410058	0.8239130434782609	0.8538461538461538	0.8709677419354839
Recall	0.8297872340425532	0.8297872340425532	0.782608695652174	0.8478260869565217	0.8260869565217391
F1	0.8282285090795729	0.8296330558125192	0.7775919732441473	0.8471760797342194	0.8206627680311891
