	Run_0_CV_0	Run_0_CV_1	Run_0_CV_2	Run_0_CV_3	Run_0_CV_4
AUC	0.8369565217391305	0.8913043478260869	0.9356060606060606	0.8903591682419659	0.8147448015122875
MCC	0.40653424483875156	0.7032948570222723	0.7027568881677673	0.6028605644882188	0.4385290096535146
Precision	0.7041392649903288	0.8737131091283459	0.8546583850931677	0.8215053763440862	0.721153846153846
Recall	0.7021276595744681	0.8297872340425532	0.8478260869565217	0.782608695652174	0.717391304347826
F1	0.7018578476719087	0.8253743104806935	0.8476102374344743	0.7758284600389863	0.7161841480778357
