	Run_0_CV_0	Run_0_CV_1	Run_0_CV_2	Run_0_CV_3	Run_0_CV_4
AUC	0.8768115942028986	0.9057971014492754	0.8390151515151515	0.8903591682419659	0.9848771266540643
MCC	0.6836932211734658	0.532608695652174	0.4807501753725433	0.6622661785325218	0.7833494518006402
Precision	0.8535094155050132	0.7666512488436632	0.7446514837819186	0.8362573099415205	0.8920454545454545
Recall	0.8297872340425532	0.7659574468085106	0.7391304347826086	0.8260869565217391	0.8913043478260869
F1	0.8274491465980828	0.7659574468085106	0.7361204013377926	0.8247619047619048	0.8912529550827424
