	Run_0_CV_0	Run_0_CV_1	Run_0_CV_2	Run_0_CV_3	Run_0_CV_4
AUC	0.8822463768115942	0.8605072463768116	0.948960302457467	0.8468809073724008	0.9450757575757576
MCC	0.5756005793674993	0.5812797567491984	0.7016464154456235	0.4954150840221495	0.642885192476092
Precision	0.7889486400124699	0.7950727883538633	0.8538461538461538	0.7565922920892495	0.8373754299320927
Recall	0.7872340425531915	0.7872340425531915	0.8478260869565217	0.7391304347826086	0.8043478260869565
F1	0.7866537717601548	0.7852856363494662	0.8471760797342194	0.7346153846153846	0.8010729212151457
